Domain,Name
heroesofadventure.com,heroesofadventure
BurnBootCamp.com,Burn Boot Camp
positivefields.org,positivefields
16prints.com,16prints
24hourcharity.com,24hourcharity
42nerdtasticplace.com,42nerdtasticplace
4blueplanet.com,4blueplanet
babydogecharity.com,babydogecharity
bachincense.com,bachincense
barbellsandpeaches.com,barbellsandpeaches
baxandbay.com,baxandbay
beaukerouac.com,beaukerouac
beblessedapparel.com,beblessedapparel
becauseofacase.com,becauseofacase
bestdealdot.com,bestdealdot
bhiveclothing.com,bhiveclothing
blsdshop.com,BLSDSHOP
309southmain.com,309southmain
3dprintzones.com,3dprintzones
influencedbrand.com,influencedbrand
jenlilleymusic.com,Jen Lilley Music
joanhornig.com,Joan Hornig Jewelry LLC
daydreamerscoffee.com,Daydreamers Coffee Co
diggzshop.com,DiggzApparel
diy4charity.com,diy4charity
dl-boutique.com,Denim & Lace
docs-hemp.com,docs-hemp
donnawatkinsonschoolofhope.com,donnawatkinsonschoolofhope
dotheworldafavor.com,dotheworldafavor
doublelotusyoga.com,doublelotusyoga
haodogwear.com,haodogwear
happymaternity.com,happymaternity
happyrebelbox.com,Happy Rebel LLC
heartsforcharity.com,heartsforcharity
famafofficial.com,famafofficial
fargonelifestyle.com,fargonelifestyle
ferretstash.com,ferretstash
fightingcovid.com,fightingcovid
fingernailz.com,fingernailz
fitnessmetal.com,fitnessmetal
flattenandcurve.com,flattenandcurve
formaldeception.com,formaldeception
fuhats.com,fuhats
fuzzygooseboutique.com,fuzzygooseboutique
gastownsam.com,gastownsam
gayprideworldwide.com,gayprideworldwide
getbacksupplyco.com,Get Back Supply Co
giftmind.com,Giftmind LLC
givebackrack.com,givebackrack
giveclothingcompany.com,giveclothingcompany
adventurethatislife.com,adventurethatislife
advocatebrand.com,Noble Venture
agapespiritco.com,Agape Spirit
alenchy.com,alenchy
altruette.com,Altruette Inc
areyouawarewolf.com,areyouawarewolf
asanabootyboutique.com,asanabootyboutique
azreoptics.com,azreoptics
mint-skin.com,Mint Skin
blackbearncompany.com,blackbearncompany
bodewellhome.com,bodewellhome
bolderwatch.com,bolderwatch
boldlyyouboutique.com,boldlyyouboutique
brdlz.com,Bardalez
britishbred.com,HomeBred Ltd
bubblelingo.com,Bubblelingo Corp
buyfortheplanet.com,Buy for the Planet
caelinyc.com,Caeli Couture
cakingathome.com,cakingathome
candyblue.com,Candy Blue LLC
capricornclothingco.com,CAPRICORN CLOTHING CO
casorniwatches.com,Casorni Watches
cheer4charity.com,cheer4charity
chic4charity.com,chic4charity
chicksonshirts.com,chicksonshirts
saveoneworld.com,saveoneworld
scip-sews.com,scip-sews
secondstarbooks.com,SecondStar Boutique
semestertwo.com,semestertwo
shinebritecompany.com,Shine Brite Co
shirtsbybrad.com,shirtsbybrad
shopaimeespurpose.com,Aimee&39s Purpose
shopbonmatin.com,shopbonmatin
hazellart.com,Hazell A.R.T. & Apparel LLC
hellobabybert.com,Baby Bert Ltd
help-for-paws.com,help-for-paws
helpchipin.com,helpchipin
highriskwear.com,High Risk Wear
hmblwrld.com,hmblwrld
homepodsleeves.com,homepodsleeves
horsebackbeginner.com,horsebackbeginner
hstlrla.com,hstlrla
lalifeztyle.com,lalifeztyle
lazyts.com,lazyts
lepeppery.com,lepeppery
libertymasked.com,libertymasked
loubrowndesigns.com,Lou Brown Designs
gods10.com,Gods10com
goodworksbracelet.com,goodworksbracelet
gtspecialists.com,gtspecialists
pacificstrand.com,Pacific Strand
pandavita.com,PandaVita Ltd
pandorastreasurecorner.com,pandorastreasurecorner
pavethewayjewelry.com,pavethewayjewelry
perfectlyscented.com,perfectlyscented
petayou.com,petayou
philanthropyisbeautiful.com,philanthropyisbeautiful
phoenixpaw.com,Phoenix Paw
planwithvienna.com,Plan With Vienna
awear-athletics.com,Awear Athletics LLC
ebdanceoff.com,ebdanceoff
eggertprizesllc.com,eggertprizesllc
embodylosangeles.com,Embody Los Angeles
emmorhome.com,emmorhome
escapethelabel.com,escapethelabel
ethnicsworld.com,ethnicsworld
eurekamartstore.com,eurekamartstore
maedelle.com,Maedelle
mauralenahan.com,mauralenahan
clearunitybags.com,clearunitybags
collectorskeychains.com,Collectors Keychains
columbusrunningcompany.com,columbusrunningcompany
couturebymilla.com,couturebymilla
n95charity.com,n95charity
newlifeclo.com,newlifeclo
ny39.com,ny39
oasissupply.com,oasissupply
oceanicalchemy.com,oceanicalchemy
olcclothing.com,olcclothingco
olieveandolie.com,olieveandolie
oliviasoils.com,OliviaCOs Oils
oneselfdesign.com,oneselfdesign
onlinerunninggear.com,onlinerunninggear
oscarcashmere.com,oscarcashmere
sophievansbags.com,sophievansbags
spellboundsleep.com,Spellbound Sleep
stargazersproducts.com,Stargazers Products LLC
vznclothing.com,VZNARY
radkoforsale.com,radkoforsale
rawlipbalm.com,rawlipbalm
rebel17.com,rebel17
recycle2riches.com,Recycle2Riches
reducethe22.com,reducethe22
redwarden.com,redwarden
relevantshirts.com,relevantshirts
reverie77.com,reverie77
runninggifts.com,Running Gifts
uglycupcoffee.com,Ugly Cup Coffee
ukchristmasdeals.com,HomeBred Ltd
uscmarshallwear.com,MarshallWear
uwezobrands.com,uwezobrands
waterbuddha.com,waterbuddha
wearnaomi.com,wearnaomi
weeklytz.com,weeklytz
welldressedsouthernmess.com,welldressedsouthernmess
wenmuenyi.com,wenmuenyi
wholesomesportsgear.com,Wholesome Sports Gear
wildflourworkshop.com,wildflourworkshop
winetadventures.com,winetadventures
wtfcharity.com,wtfcharity
youdeserveamedal.com,You Deserve a Medal
yuguosale.com,Yuguosale
military-gifts-direct.com,Military Gifts Direct
mistressfaeshop.com,mistressfaeshop
mktriangle.com,MKTriangle
modernoutdoorapparel.com,Modern Outdoor Apparel
mychomp.com,MyChomp LLC
myteawellness.com,myteawellness
oodzy.com,oodzy
thequiltnurse.com,thequiltnurse
trumpturd.com,trumpturd
tshirtopia.com,tshirtopia
1entrygiveaways.com,1entrygiveaways
4godsgear.com,4godsgear
baglimithunting.com,baglimithunting
balanced2thrive.com,Balanced2Thrive LLC
bandsforgood.com,bandsforgood
barneydude.com,Barney & Dude
baybreezetravel.com,baybreezetravel
bccmulch.com,bccmulch
beautiepaint.com,BeautiePaint
becauseofacase.com,becauseofacase
charginglife.com,Charging LIFE LLC
chippinsnacks.com,Chipper Pet LLC
5050initiative.com,Proof Creative LLC
512rageroom.com,512 Rage Room
ibottleup.com,ibottleup
imanicollective-kenya.com,imanicollective-kenya
insurgentcat.com,insurgentcat
iriseaboveit.com,Iriseaboveit Incorporated
isupportdon.com,isupportdon
ivorymason.com,ivorymason
deepskycoffee.com,Deep Sky Coffee
diggzshop.com,DiggzApparel
dirtypawscandle.com,dirtypawscandle
dogwoofessories.com,dogwoofessories
fashionbyangela.com,fashionbyangela
fbteliquids.com,fbteliquids
feelgoodundies.com,Feel Good Undies
fightingcovid.com,fightingcovid
filtersupplyclub.com,filtersupplyclub
flare-eyewear.com,flare-eyewear
flockclothing.com,flockclothing
forcorabydavinesph.com,forcorabydavinesph
acousticwavecontrol.com,acousticwavecontrol
afi2020.com,afi2020
ajcarddesigns.com,AJ Card Designs
andidorfman.com,andidorfman
mauroseed.com,MAURO Seed Co
beblessedapparel.com,beblessedapparel
beckyjewelry.com,beckyjewelry
becomeunlocked.com,Unlocked
behipp.com,behipp
beitmeir.com,beitmeir
bellabey.com,bellabey
bengalamilano.com,Bengala Milano
benjibeds.com,benjibeds
berkshirelove.com,berkshirelove
bestdealdot.com,bestdealdot
betterearthcompany.com,betterearthcompany
beyondfirstworldglobal.com,beyondfirstworldglobal
bigpicproject.com,bigpicproject
bikers4veterans.com,bikers4veterans
bikersfortrump20.com,bikersfortrump20
blsdshop.com,BLSDSHOP
bluout.com,bluout
boatdockbumpers.com,GamRa Composites LLC
boogsandbuddha.com,boogsandbuddha
bostonterrierfoundation.com,bostonterrierfoundation
brdlz.com,Bardalez
buckfullies.com,buckfullies
jewelleryforhumanity.com,jewelleryforhumanity
jocksnjocks.com,jocksnjocks
jonhop.com,jonhop
journeysoffaith.com,journeysoffaith
juntosproject.com,Juntos Traditionally Incorporated
justfckingvote.com,justfckingvote
samosachaatink.com,samosachaatink
saveoneworld.com,saveoneworld
savingpaige.com,Saving Paige Boutique
semestertwo.com,semestertwo
shirtsforpurpose.com,shirtsforpurpose
doublelotusyoga.com,doublelotusyoga
dymondqueen.com,dymondqueen
haknutrition.com,haknutrition
hangingbelay.com,hangingbelay
happyrebelbox.com,Happy Rebel LLC
hautehelpers.com,hautehelpers LLC
hellobabybert.com,Baby Bert Ltd
helpchipin.com,helpchipin
helpingmothersmaternity.com,helpingmothersmaternity
highbornlifestyle.com,highbornlifestyle
hirokolifestyle.com,hirokolifestyle
hoppypaws.com,hoppypaws
foxandtrove.com,Fox and Trove
freakydogpeople.com,freakydogpeople
frontrowactivewear.com,frontrowactivewear
frownclothing.com,Frown Clothing
frpdownloads.com,frpdownloads
fuelsockkarma.com,fuelsockkarma
gayprideworldwide.com,gayprideworldwide
gilmoretailored.com,gilmoretailored
giveafoxgoods.com,Give a Fox Goods
gotshibe.com,gotshibe
graciesuniqueboutique.com,Gracie's Unique Boutique
greencaid.com,Greencaid
pacificstrand.com,Pacific Strand
paint-your-pet.com,paint-your-pet
areyouawarewolf.com,areyouawarewolf
astralathletics.com,Astral Athletics
atomicdogapparel.com,atomicdogapparel
atvida.com,atvida
avocango.com,Avocango
awwathelabel.com,AWWA Period Proof Underwear
azpetemporium.com,azpetemporium
ekitsforkids.com,ekitsforkids
enjoyejuice.com,enjoyejuice
envirogrip.com,Enviro Grip
epicguidebooks.com,Epic Guidebooks
buyiamsound.com,buyiamsound
buzzgreetings.com,buzzgreetings
casorniwatches.com,Casorni Watches
chicksonshirts.com,chicksonshirts
cleangreenproject.com,Clean Green Project
cnqrattire.com,cnqrattire
shopjpl.com,shopjpl
shoptigerfeather.com,shoptigerfeather
smartcybershop.com,Smart Cyber Shop
snazzyandsaved.com,snazzyandsaved
soberandstoked.com,Sober And Stoked LLC
laespiritista.com,laespiritista
layleadership.com,layleadership
lifeflaskbottle.com,lifeflaskbottle
lobeca.com,lobeca
loudgood.com,loudgood
lovableearth.com,lovableearth
paintcustomart.com,paintcustomart
parksforgood.com,parksforgood
pawterbottles.com,pawterbottles
pcrocketrobotics.com,pcrocketrobotics
peiapparel.com,peiapparel
peonypack.com,peonypack
pepperscloset.com,Pepper's Closet Inc
planwithvienna.com,Plan With Vienna
playgroundartcrew.com,playgroundartcrew
ponderosaapparel.com,ponderosaapparel
poseidonscameraman.com,Poseidons Cameraman
pramshare.com,pramshare
projectmaskup.com,Project Mask Up
pugrack.com,pugrack
pukashelleverything.com,pukashelleverything
qolclothes.com,qolclothes
escapethelabel.com,escapethelabel
eurekamartstore.com,eurekamartstore
eurekasocks.com,eurekasocks
eyeglassesrusshop.com,eyeglassesrusshop
eyeviva.com,eyeviva
ezpillboxfiller.com,ezpillboxfiller
madebyphinix.com,madebyphinix
madewithlovebymmc.com,madewithlovebymmc
mahsly.com,mahsly
maisonparish.com,maisonparish
masculinerainbow.com,masculinerainbow
maskusstore.com,MaskUsStore.com
mauralenahan.com,mauralenahan
mayanpaths.com,mayanpaths
mc-brokers.com,mc-brokers
military-gifts-direct.com,Military Gifts Direct
mitchelloak.com,Mitchell Oak Co
modernoutdoorapparel.com,Modern Outdoor Apparel
coronacleanfreaks.com,coronacleanfreaks
curvivor.com,curvivor
kalafini.com,kalafini
kaylynmusic.com,kaylynmusic
kloaknow.com,kloak
knottyvibes.com,Knotty Vibes
koaluv.com,koaluv
kona4good.com,Kona4Good LLC
kreativeartsnj.com,Kreative Arts
kurely.com,kurely
nature-aesthetics.com,nature-aesthetics
nespaf.com,nespaf
noplasticproducts.com,noplasticproducts
northwestcat.com,Northwest Cat Company
oceablu.com,oceablu
ojoygives.com,ojoygives
olcclothing.com,olcclothingco
oldantarctic.com,oldantarctic
ourfuturefootprint.com,ourfuturefootprint
teesferda.com,teesferda
thedirtfundproject.com,thedirtfundproject
thefraternalorderofcoffee.com,The Fraternal Order of Coffee
sweetelm.com,sweetelm
sweetloucosmetics.com,sweetloucosmetics
swolelatina.com,swolelatina
vertigga.com,vertigga
veteranbee.com,Veteran Bee
ramarcheryproducts.com,RAM Archery
ravaly.com,Ravaly
readnotebooks.com,readnotebooks
redwarden.com,redwarden
rememberandrescue.com,rememberandrescue
rufftastic.com,Rufftastic Merch
rwbargainbarn.com,rwbargainbarn
uglycupcoffee.com,Ugly Cup Coffee
umatterdesigns.com,umatterdesigns
zackgudzan.com,zackgudzan
wiglocks.com,wiglocks
wigsnwine.com,wigsnwine
willkomeda.com,willkomeda
withlovetogo.com,withlovetogo
wotrgear.com,wotrgear
yesshef.com,yesshef
yogastoregoa.com,yogastoregoa
mrjewls.com,Mr. Jewls
msubakers.com,msubakers
myteawellness.com,myteawellness
oodzy.com,oodzy
ourearthco.com,Our Earth
thelocalfork.com,the local fork
themightyriseark.com,themightyriseark
thewanderingcoast.com,The Wandering Coast
thisissoccerworld.com,thisissoccerworld
threadforthread.com,threadforthread
timberlinesoftball.com,timberlinesoftball
timeqid.com,Timeqid LLC
topangacowgirlboutique.com,topangacowgirlboutique
trapslushys.com,trapslushys
tribeandglory.com,Tribe + Glory
twelvecup.com,twelvecup
typogallery.com,typogallery
nocodistributors.com,nocodistributors
joanhornig.com,Joan Hornig Jewelry LLC
screw4you.com,screw4you
shopbonmatin.com,shopbonmatin
sunhousemarket.com,sunhousemarket
vandewarkart.com,vandewarkart
vanitysaks.com,vanitysaks
hollywoodwreaths.com,hollywoodwreaths
fratstate.com,fratstate
goodewerk.com,goodewerk
philanthropyisbeautiful.com,philanthropyisbeautiful
wearyourlabel.com,Wear Your Labelao
addiebrands.com,addiebrands
meritmedals.com,meritmedals
millermaedesigns.com,MILLER MAE DESIGNS L.L.C
motherlandlife.com,motherlandlife
ceciliaandjo.com,ceciliaandjo
chocolatebarsoflove.com,chocolatebarsoflove
2ndchancestore.com,2ndchancestore
2pstyle.com,2pstyle
balanced2thrive.com,Balanced2Thrive LLC
bandofbrave.com,Band of Brave
bcordial.com,bcordial
betagrip.com,betagrip
bluecraftcoffeeroasters.com,bluecraftcoffeeroasters
bohobutterfly.com,bohobutterfly
bohomall.com,bohomall
boobibutter.com,boobibutter
brakeadog.com,brakeadog
brewsterprojects.com,brewsterprojects
bricknbrownstone.com,bricknbrownstone
intoxicatedclean.com,intoxicatedclean
joanhornig.com,Joan Hornig Jewelry LLC
shmilystorah.com,shmilystorah
shopiamenough.com,shopiamenough
shopwh2.com,shopwh2
deadrappersmerch.com,deadrappersmerch
displaysforchurch.com,displaysforchurch
djsbikes.com,djsbikes
healrates.com,healrates
holdfastink.com,holdfastink
lovelysportswear.com,Lovely Sportswear
fallinlovewithart.com,Fall In Love With Art
fliptech-hookah.com,Fliptech LLC
fuelyourgrind.com,fuelyourgrind
givebackblooms.com,Give Back Blooms
givebackrack.com,givebackrack
pacificstrand.com,Pacific Strand
pavethewayjewelry.com,pavethewayjewelry
a5alive.com,a5alive
ariyei.com,ariyei
astralathletics.com,Astral Athletics
aubreylingerie.com,aubreylingerie
ekitsforkids.com,ekitsforkids
ellamenopea.com,ellamenopea
emmaedi.com,emmaedi
empoweredbywill.com,empoweredbywill
maddisonwatches.com,maddisonwatches
mint-skin.com,Mint Skin
cateandlevicollection.com,cateandlevicollection
clearlylovely.com,clearlylovely
cnuskincare.com,cnuskincare
csafarmshare.com,csafarmshare
curatefully.com,Curatefully. Indigo Ventures LLC
keelyd.com,keelyd
newplanetbamboo.com,newplanetbamboo
nyftees.com,nyftees
one80outsupply.com,one80outsupply
orngcnty.com,ORNG CNTY
thepopupflorist.com,thepopupflorist
thewayu.com,thewayu
thewizkers.com,thewizkers
timeqid.com,Timeqid LLC
tricyclepets.com,tricyclepets
smrtsports.com,smrtsports
snugwatchbands.com,snugwatchbands
specialbe.com,specialbe
splitbags.com,splitbags
sports-pages.com,sports-pages
libreandco.com,libreandco
lightswitchapparel.com,lightswitchapparel
looptylous.com,looptylous
reddendi.com,reddendi
reifybusiness.com,reifybusiness
roundoasis.com,RoundOasis
zazzypaws.com,Zazzy Paws
pocketfullofson.com,pocketfullofson
primalnoms.com,primalnoms
pugrack.com,pugrack
waltertusk.com,Walter Tusk
wemakeripples.com,wemakeripples
wetravelruneatrepeat.com,wetravelruneatrepeat
whiteandyellowtshirtco.com,White & Yellow T-shirt Co
yourchoicesapparel.com,yourchoicesapparel
mannyandblinn.com,mannyandblinn
midtownmain.com,Midtown Main
beastieroyalties.com,Beastie Royalties
berryclub.com,berryclub
brothersisterco.com,Brother Sister Co
catitos.com,catitos
ceylonsurfclub.com,ceylonsurfclub
curvivor.com,curvivor
karolinaedstrom.com,karolinaedstrom
kyliemidori.com,kyliemidori
oneselfdesign.com,oneselfdesign
ourfarmstand.com,ourfarmstand
teamstayfocus.com,teamstayfocus
thecharismastore.com,The Charisma Store
idea-b.com,idea-b
isolationentertainment.com,IsolationEntertainment
jewelsuntamed.com,jewelsuntamed
selfmadeswag.com,Productivityliving LLC
sovofurniture.com,sovofurniture
spirit-of-buddha.com,spirit-of-buddha-com
sydneyhaus.com,sydneyhaus
veterans-only.com,veterans-only
vgastudios.com,VGA Studios
dellavacoffee.com,dellavacoffee
drorzanani.com,drorzanani
help-for-paws.com,help-for-paws
heveapedic.com,heveapedic
latinartisanmarket.com,latinartisanmarket
ronneware.com,Ronneware
upgrad3d.com,upgrad3d
zorus-sleep.com,zorus-sleep
fashionbyangela.com,fashionbyangela
gogetmugged.com,gogetmugged
paint-your-pet.com,paint-your-pet
planteatr.com,PLANTeatr | Shop
wcashmereshop.com,W.CASHMERE
welldressedsouthernmess.com,welldressedsouthernmess
wholifoods.com,wholifoods
acimawellness2u.com,Les Brands Inc
ankrrd.com,ANKRRD COFFEE
ergrow.com,ergrow
marypreneur.com,Together
mondaugen.com,Mondaugen
mouthoffgum.com,mouthoffgum
muscatlivestock.com,muscatlivestock
mustardbro.com,Mustard Bro
myfitime.com,myfitime
themaccbrand.com,The MACC Brand
utees.com,utees
shacc.org,Surfing Heritage & Culture Center - SHACC.org
damascusroadexperience.org,Damascus Road Experience Inc
dragonsale.org,dragonsale
heavensapparel.store,heavensapparel
fashion4good.org,fashion4good
forecharity.net,forecharity
forthetradescharity.org,forthetradescharity
fzhh.org,Islamic Charity Fatima Zahra Helping Hand
gameblast.org,gameblast
givesashit.us,Give A Shit
givingtreecharity.org,givingtreecharity
alesian.org,alesian
allwinner.org,allwinner
alnidacharity.org,alnidacharity
arjarun.org,arjarun
arrahimuncharity.org,arrahimuncharity
c4coffee.org,Cuppa Charity Coffee Co
charitybot.org,Charity Bot
charitybribes.org,charitybribes
citybookcares.org,citybookcares
savekitties.org,Save Kitties
shopcure.org,ShopCure.org
simplyvirtuous.org,simplyvirtuous
helpingforward.org,helpingforward
highcharity.net,HighCharity.net
gfty.org,gfty
phreshstart.org,phreshstart
piesforpeople.org,Pies for People
prideathletics.co,P.R.I.D.E. Athletics
evokeimages.org,evokeimages
madingkouns.org,MadingKouns
chopstixforcharity.org,chopstixforcharity
climb4change.org,Climb4Change
coalcreek.co,CoalCreek
coffeewithcare.org,coffeewithcare
normalworld.org,Normalworld.org
odessaindustries.org,ODESSA INDUSTRIES
onemorebrew.net,onemorebrew
thebassaddict.us,The Bass Addict
socialwealth.us,Social Wealth
videogamecharity.org,videogamecharity
lovennycommunity.org,lovennycommunity
lunch-break.org,lunch-break
rawdog.co,Ice Station Zebra Associates LLC
warriorup.us,warriorup
weareunited.fr,United
wilmywoodcountryclassic.org,wilmywoodcountryclassic
mxoxo.org,mxoxo
takeachanceforcharity.org,takeachanceforcharity
tokerstudios.us,tokerstudios
bbcbd.me,Best Brand CBD
3pointchallenge.net,3pointchallenge
ilcancerfoundation.org,ilcancerfoundation
imhumaninc.org,I'm HUMAN Inc
fairygoodmothers.org,Fairy Goodmothers
fashion4good.org,fashion4good
fireintheskybymindshine.org,fireintheskybymindshine
fishcompany.org,Fish Co
fitlifeproject.org,Fit Life Project
afrocosmic.org,AfroCosmic
allwinner.org,allwinner
bloomforward.us,Bloom Forward
bowwowbandana.co.uk,Bow Wow Bandana United Kingdom
jeremias333.org,Jeremiah 333
saveaturtle.net,Save a turtle
serenityhorserescue.org,Serenity Horse Rescue INC
dlindeberg.org,dlindeberg
donateunderpantsrun.org,Underpants Run
hopethrives.org,Hope Thrives for Houston
fuelthem.org,Fuel Them
c4coffee.org,Cuppa Charity Coffee Co
citybookcares.org,citybookcares
cleanyc.org,cleanyc
shopvfa.org,shopvfa
lougrammfoundation.org,Lou Gramm Foundation
loveandunitystore.org,loveandunitystore
pandemico.us,PANDEMI.CO
pfoodpantry.org,pfoodpantry
phreshstart.org,phreshstart
ptsol.org,PTSOL
michelleobamaforpresident2020.us,michelleobamaforpresident2020
covidapparel.org,COVID Apparel
kinshipfarm.org,Kinship Farm
nationaljuneteenthalabama.org,Nationaljuneteenthofalabama
normalworld.org,Normalworld.org
ohioairandspace.org,OAS
thehealisreal.org,The Heal is Real
stayready.me,stayready
suitcasejoefoundation.org,SUITCASE JOE FOUNDATION
supportuog.org,supportuog
urbanfarmandforage.org,urbanfarmandforage
zodiachealth.org,Zodiac Health
wewool.org,WEWOOL
whiteoctopus.org,White Octopus
yogandahood.org,yogandahood
mrbleco.org,mrbleco
tablepnw.org,Table PNW
theselfloveclub.org,theselfloveclub
thrilltrip.us,THRILLTRIP LLC
tot2teen.net,t2tjuneau
charitybot.org,Charity Bot
citybookcares.org,citybookcares
sipflorida.org,sipflorida
upsetgentlemenphilanthropy.org,upsetgentlemenphilanthropy
bakinbros.us,Bakin Bros
brandsgiveback.net,Brands Give Back
shopkued.org,shopkued
shoppingchains.net,Viral chains
hairolution.us,Hairolution
alchemyoftheheart.net,alchemyoftheheart
athletory.net,Athletory
aztro.trade,aztro
choosesomething.org,Choose Something
coalcreek.co,CoalCreek
noblethreads.co,Noble Threads
otakurage.net,OtakuRage
the9brand.co,9 Brand
theysleep.net,THEYSLEEP
totes4good.org,totes4good
stayready.me,stayready
prideathletics.co,P.R.I.D.E. Athletics
youforhope.org,YouForHope.org
boxchocolates.net,boxchocolates
cybermillions.io,Cybermillions
shopthinktv.org,shopthinktv
doctorscharity.org,doctorscharity
fvckplastic.org,fvckplastic
xoid.store,Xoid
ecofriendly.gifts,ecofriendly
karunaki.com,karunaki
bestrong.global,Be Strong
mariesaintpierre.com,Marie Saint Pierre
1face.com,1Face
1milliondollarmeme.com,1milliondollarmeme
2020gsws.com,2020gsws
backweard.com,BACKWeARD
bamteeco.com,Houstonian Apperal
banccharity.com,banccharity
bapup.com,BapUp Inc
barkstobees.com,barkstobees
beatsforhope.com,3 pending Monica Martines Co
belajazz.com,belajazz
belonghereco.com,Belong Here Co. 
benicecharity.com,BENICE CHARITY Ã‚Â®
bisdaktarot.com,Bisdak Tarot
blingingoutforcharity.com,Blinging Out For Charity
iandifaam.com,IMAGINE AND INSPIRE
iconcultureshop.com,iconcultureshop
ilovepura.com,ilovepura
inspireselflove.com,INSPIRE Self Love
itsthready.com,itsthready
jadescharity.com,jadescharity
jalenpowelll.com,Jalen Powell
jknuttel.com,jknuttel
jossy.com,Jossy LLC
safetyshieldsanitizer.com,safetyshieldsanitizer
sajhservices.com,sajhservices
salesforcharity.com,salesforcharity
deandriadesigns.com,de ria designs
debdoesstuff.com,debdoesstuff
democra-tees.com,democra-tees
devotion-club.com,devotion-club
dripicate.com,Dripicate
dundasvalleytrailco.com,Dundas Valley Trail Co
dunksociety.com,dunksociety
happy-remita.com,happy-remita
heavencharity.com,heavencharity
larkshead.com,Larkshead Apparel
f1rstpeop1es.com,f1rstpeop1esapparel
fcukitbrand.com,FuckitBrand
featuresapparel.com,Features Apparel
fightforeverbrand.com,Fight Forever Clothing
firesfinest.com,Fires Finest
fivemenin.com,FIVEMENIN
foreverjustified.com,foreverjustified
fortuneloopldn.com,fortuneloopldn
genofchanges.com,GenOfChanges
abbotslist.com,The Abbot&39s List
acharityshop.com,charityshop
achimnutrition.com,Achim Nutrition
agape-is-love.com,Agape
almsey.com,almsey
alwaysbe.com,AlwaysBE LLC
amarilischarity.com,Amarilis Charity
amerumerchants.com,Ameru Merchants
amplslimes.com,AMPL Slimes
animerchandise.com,Animerchandise
apexcustomapparel.com,Apex Custom Apparel
arniadesigns.com,Arnia Designs
asaysi.com,www.asaysi.com
ascensiontoys.com,ascensiontoys
blacktiecharity.com,blacktiecharity
blessingsfromhim.com,blessingsfromhim
boisethreads.com,Boise Threads
bommaritogolf.com,bommaritogolf
borbona.com,Borbona
braveandlove.com,BRAVE LOVE COLLECTION
brokemansbong.com,Broke Mans Bong
brokenspiritanimal.com,Broken Spirit Animal
brooklynsbrews.com,brooklynsbrews
bulldog-blvd.com,Bulldog BLVD
buy1get3freefireworks.com,buy1get3freefireworks
bydesignclothing.com,bydesignclothing
campfiresandcoffees.com,campfiresandcoffees
candlesforcharity.com,CandlesforCharity
carefourco.com,carefourco
cases4acure.com,cases4acure
catholicgood.com,YOURS LLC
catonspace.com,Cat On Space
charitycrater.com,Charity Crate
charitydrip.com,charitydrip
charitylowcostdealz.com,Charity Low Cost Dealz
charitymerch.com,Charity Merch
charityphonecase.com,CharityPhoneCase
charitystarsnft.com,Charity Stars NFT
charitystewart.com,charitystewart
charitystewartdesigns.com,Charity Stewart Glass Designs
charitywrist.com,Charity Wrist Company
cherieloren.com,Cherie Loren
chewonthisgum.com,Chew On This Gum
chicpawz.com,Chic Pawz
cjfreejewelry.com,cjfreejewelry
sama-apparel.com,S A M A
sanjogh.com,sanjogh
saveanimalclothing.com,Save Animal Clothing
savethegaia.com,savethegaia
scavengerla.com,scavengerla
seascapelife.com,seascapelife
sheepdreamswithshaun.com,sheepdreamswithshaun
shop-chavezforcharity.com,shop-chavezforcharity
shopcapucine.com,Capucine
shopcharitybox.com,The Charity Box
shoppassionproject.com,Shoppassionproject
shopstdavid.com,St.David Apparel
silentprogression.com,Silent Progression
simple-banana.com,simple-banana
simplyanchoredgifts.com,Simply Anchored Gifts
simplysoupreme.com,simplysoupreme
siratclothing.com,siratclothing
smolbatchbeauty.com,Smol Batch Beauty
hayajewellery.com,hayajewellery
heart-of-jesus.com,Heart of Jesus
heartfeltglamour.com,heartfeltglamour
henrysfoundation5050.com,Henrys Foundation
herodicclothing.com,HERODIC CLOTHING
herselfcaremarket.com,herselfcaremarket
heybloomwell.com,heybloomwell
hhcbb.com,Boston Bruins Foundation Charity Bag Program
hsl2u.com,HSL2U
humangoodkind.com,humangoodkind
hwayseven.com,hwayseven
hydradebottle.com,hydradebottle
lakelifeclothes.com,Lake Life Designs LLC
lauralynnes.com,lauralynnes
lavaoils.com,LavaAndOils
letsgetlitkc.com,letsgetlitkc
levelgroundscoffeeandtea.com,levelgroundscoffeeandtea
lienapparel.com,lien apparel
lilelfie.com,Lil Elfie
livinginframe.com,Living in Frame
localmanatee.com,The Local Manatee
giddyprizes.com,giddyprizes
giftstees.com,Gifts & Tee's by Noah
goodmoodbracelets.com,Good Mood Bracelets
gramercygifts.com,Gramercy Gifts
groovepill.com,groovepill
gruntworkscoffee.com,gruntworkscoffee
guattees.com,No Matter The Cause
palestinianprogress.com,Palestinian Progress
pashpet.com,Pashpet
patchingitup.com,patchingitup
pawcharity.com,pawcharity
pawsdownunder.com,pawsdownunder
peaceandloveall.com,peaceandloveall
peacockingaccessories.com,Peacocking Accessories
plbsports.com,plbsports
pleatandbobbin.com,Pleat and Bobbin
plusclubbrand.com,Plus Club Brand Design Co
positiveoccupation.com,positiveoccupation
prayerispowerful.com,Prayer Is Powerful
printsformusic.com,Prints for Music
pritzydippowders.com,pritzydippowders
awlsae.com,awlsae
axentlife.com,Axent Apparel
ecotapestry.com,EcoTapestry
ecozenbody.com,EcoZenBodyÃ‚Â®
effectclothing.com,effectclothing
elarmoclothingco.com,elarmoclothingco
elketlegacy.com,elketlegacy
ellemaricollection.com,ellemaricollection
espencrafts.com,Espencrafts
eure-ca.com,eure.ca
euvow.com,Euvow LLC
evoediversity.com,evoediversity
maggiecollective.com,Maggie Collective
mainecottageapothecary.com,MAINE COTTAGE APOTHECARY
makelikeabandit.com,Make Like A Bandit
marvelous-memories.com,Marvelous Memories
megabands.com,MEGAbands
christiangiftsandmore.com,christiangiftsandmore
chsbasketdrawing.com,CHS United Way
codefourcoffee.com,codefourcoffee
compassionstudio.com,Compassion Studio LLC
conduitforgood.com,Conduit for Good
conveleash.com,ConveLeash
cookingdecoded.com,cookingdecoded
coraltobone.com,Coral to Bone
createcurescharity.com,Create Cures Charity Inc
creativeseva.com,Creative Seva
croutonsforcharity.com,croutonsforcharity
crucosmetics.com,CRU Cosmetics
cuestrength.com,CUE STRENGTH
cureorganix.com,CURE Organix
kargenics.com,Kargenics
katrinamodel.com,KATRINAMODEL
kcups4charity.com,kcups4charity
kemetbygroup-charity.com,Kemetbygroup.charity
kenshicandles.com,Kenshi Candles
kettlerocks.com,KettleRocks
kidsreign.com,KidsReign
kimaniloungewear.com,kimaniloungewear
kiwaclothing.com,Kiwa Clothing Company
nakednarwhal.com,nakednarwhal
ndulge.com,Ndulge N Life
newlittleowner.com,newlittleowner
obsweeps.com,Obsweeps
okanaganfootballacademy.com,Okanagan Football Academy
onelifetofino.com,onelifetofino
ten2charity.com,ten2charity
thecanvastree.com,CanvasTree
slumberroom.com,Slumber Room
smartmarkettampa.com,smartmarkettampa
society24co.com,Society 24
soulscarf.com,soulscarf
speekk.com,speekk
spreadacause.com,spreadacause
stellabella.com,Stellabella
strangecoffeeco.com,Strange Coffee Co.
stress-freecbd.com,stress-freecbd
stretchimals.com,stretchimals
student-charity.com,student-charity
stylinstacheco.com,stylin' stache co
suitcharity.com,suitcharity
sunshineandfreshair.com,sunshineandfreshair
surfandslideart.com,surfandslideart
survivorsclubla.com,Survivors Club LA
swagbysierasag.com,swagbysierasag
sweetspaceprints.com,Artzyprintz
verifiedsalty.com,verifiedsalty
victoriagedvillas.com,victoriagedvillas
vitiligoawareness-store.com,Vitiligo Awareness Store
voteshirt.com,Vote Shirt
lovemets.com,lovemets
lovequotesnyc.com,Love Quotes
lvcares.com,Sav.com LLC
rackwearnyc.com,rackwearnyc
raeandorion.com,Rae  Orion
rawon.com,rawon
redpandaearthshop.com,redpandaearthshop
reggieanddrotexas.com,reggieanddrotexas
ripplingkindness.com,Rippling Kindness
rocketluv.com,RocketLuv
roodyoriginals.com,roodyoriginals
rubbaluvva.com,rubbaluvva
ryannskindboutique.com,Ryann&39s Kind Boutique
udreamwebring.com,udreamwebring
uk9club.com,Ultimate K9 Club
premiumnowcollection.com,premiumnowcollection
prettymf.com,prettymf
prodigalloveco.com,prodigalloveco
prododonare.com,Prodo Donare aa
profitforcharity.com,profitforcharity
proviseyewear.com,Provis Eyewear
puppydoody.com,puppydoody
pushonebox.com,Pushone
watotowalumumba.com,Watoto wa Lumumba
wearinfly.com,WearinFly
wearthefrontline.com,WearTheFrontline
wemadeitgear.com,WeMadeItGear
wickcharm.com,Wick Charm
wingsofenoch.com,Wings of Enoch
wishesandneeds.com,WishesAndNeeds.com
worthwylfoundation.com,worthwylfoundation
yankeeprints.com,Yankee Prints
yogistandard.com,Yogi Standard
youhavelanded.com,YOUHAVELANDED
miniacmadness.com,Miniac Madness
modogart.com,modogart
monthlypromise.com,monthlypromise
moonspunwhimsy.com,moonspunwhimsy
mvpsignaturesports.com,mvpsignaturesports
mydentalco.com,mydentalco
mymaskandme.com,My Mask And Me
myxseal.com,MyXSEAL LLC
opsendme.com,OpSendMe
ouroneearth.com,Our One Earth
tasteandgrace.com,Taste and Grace by Charity Alston
the1stfoundation.com,the1stfoundation
thecharitymarket.com,thecharitymarket
theconceptkits.com,theconceptkits
thecupidcollective.com,The Cupid Collective
thehospitallounge.com,The Hospital Lounge
thelamurcharity.com,The Lamur Charity
thelightball.com,The Light Ball
theretrobagshop.com,The Retro Bag Shop
theseamission.com,The Sea Mission
thesheshirtshop.com,the she-shirt shop
tiamariemusic.com,Tia Marie Music
tiltartsy.com,tiltartsy
tmetshirtsetc.com,tmetshirtsetc
totscomps.com,totscomps
trainkind.com,Train Kind
trillionslife.com,Trillions Life
troveforcharity.com,Trove For Charity
tuesdaycolour.com,Tuesday Colour Inc
twlvclothing.com,twlvclothing
2020gsws.com,2020gsws
backtolifegoods.com,Back to Life
bakingforbeebop.com,Baking for Bee Bop
barklandco.com,BARKLAND CO
barkporch.com,BarkPorch
barksngrowls.com,Barks&growls
baycountysportsclub.com,Bay County Sports Club
300scorpions.com,300Scorpions.com
ibelieveincalifornia.com,ibelieveincalifornia
igivefor.com,igivefor
ihelpgifts.com,ihelpgifts
ilovebellbrookschools.com,LoveBellbrookSchools
imhumaninc.com,imhumaninc
immaculate---conception.com,immaculate---conception
inspireselflove.com,INSPIRE Self Love
intricacyco.com,intricacyco
javadogscoffee.com,Java Dogs Coffee
deandriadesigns.com,de ria designs
dermapacific.com,dermapacific
deuxgoods.com,Deux Goods
dharmabowls.com,dharmabowls
dogbeliefs.com,Dog Beliefs
doggyrobe.com,DoggyRobe
dogismyreligion.com,Dog Is My Religion LLC
f1rstpeop1es.com,f1rstpeop1esapparel
feedfiftyapparel.com,Feedfiftyapparel
feedingveterans.com,Feeding Veterans
finandfowlco.com,Fin &amp; Fowl Co.
firstpassathletics.com,firstpassathletics
five4fivefest.com,five4fivefest
flagsforlove.com,flagsforlove
flashingdaisies.com,Flashing Daisies
flawlesspanda.com,flawlesspanda
floridaairpurifiers.com,Florida Air Purifiers Inc
floydandmay.com,Floyd & May
foreverturtles.com,ForeverTurtles.com All Right Reserved
foreverwoof.com,Foreverwoof
forgiveeveryone.com,forgiveeveryone
abracoapparel.com,Abraco Apparel
actofnaturegear.com,Act Of Nature
acutefitt.com,acutefitt
aframesforless.com,aframesforless
alennr.com,alennr
algsawarriorshop.com,algsawarriorshop
allurik.com,Allurik
alphaanimalia.com,Alpha Animalia
alwaysbe.com,AlwaysBE LLC
amaurycan.com,Amaurycan
beardedhandsome.com,Bearded Handsome
becovidcool.com,BeCovidCool
beexxtra.com,BeExxtra
bikersbrewcoffee.com,bikersbrewcoffee
biosclothing.com,Bios Clothing
biosmil.com,Biosmil.com
bisonnecollective.com,Bisonne Collective
blackandgoald.com,Black and Goald
blackboxbaby.com,blackboxbaby
blackfeatherrevival.com,Black Feather Revival
blueskyyogalv.com,blueskyyogalv
blunidshop.com,Blunid
bodokidsart.com,bodokidsart
brainmugsbrew.com,Brain Mugs & Brew
branchesandtwigshi.com,Branches & Twigs Co
bravegirlbracelets.com,Bravegirlbracelets
bringrobin.com,Robin - Australia's Personal Safety Alarm for Women
bumbleandcrumble.com,bumbleandcrumble
bumpshirts.com,Thunder Crumpet
bundleforcauses.com,BundleForCauses
jerusalemtouch.com,Jerusalem Touch
jesussavedmeproject.com,Jesus Saved Me Project
jjkidspresents.com,jjkidspresents
jnlathleisure.com,JNL StreetStyle
joyoflifechoose.com,castillopia44-372
jrsmerch.com,Jackson Robert Scott
sageandkokoa.com,Sage & KoKoa
sama-apparel.com,S A M A
sanitizewear.com,sanitizewear
saveukrainians.com,Save Ukrainians Apparel
seantcustompc.com,Sean T. Custom PC
sehablaespanolshop.com,Se Habla Espaol
serotoningoods.com,Serotonin Goods
shield360sanitizer.com,Shield360
shopbitcoingear.com,Shop Bitcoin Gear
shopcasacoral.com,CasaCoral
shopglassbea.com,Glassbea
donateyourcoins.com,donateyourcoins
dripicate.com,Dripicate
dropshipentrepreneur.com,dropshipentrepreneur
duncanforaurora.com,Duncan For Aurora
handsafesanitizer.com,HandSafe Sanitizer
harbor-apparel.com,harbor-apparel
hattanooga.com,Hattanooga
heavenlyme.com,Heavenlyme LLC
help-ukraine-refugees.com,help-ukraine-refugees
hhybrand.com,Healthy. Happy. You. Brandao
hiilikeyou.com,hiilikeyou
hoodedhounds.com,Hooded Hounds Inc
hoodiehounds.com,hoodiehounds
horsehoperings.com,Horse Hope Rings
hydradebottle.com,hydradebottle
foreveryoneco.com,For Everyone Co
fossilfuelcbd.com,fossilfuelcbd
fosterparadiseapparel.com,fosterparadiseapparel
freedombulkammo.com,freedombulkammo
friends-of-gaia.com,friends-of-gaia
frontlinenurse.com,Front Line Nurse
fudito.com,Fudito
geekpawstshirts.com,Geek Paws
generationhiphopbrand.com,GENERATION HIP HOP BRAND
getfalco.com,getfalco
ghpearls.com,ghpearls
gillbatesbrand.com,gillbatesbrand
glossyluxeco.com,Glossy Luxe Co
gocatstar.com,Go Cat Star LLC
gogogarments.com,gogogarments
goodmandilalten.com,goodmandilalten
grasscub.com,Grass Cub
pablospawprints.com,pablospawprints
paigepowered.com,Paige Powered
palestinianprogress.com,Palestinian Progress
americanrebirthoutfitters.com,americanrebirthoutfitters
americansnippetsapparel.com,American Snippets Apparel
antiputinclub.com,antiputinclub
artedelaseda.com,Arte de la SEDA
artywren.com,ArtyWren.com
aryaairco.com,Arya Air
asnapplecornerstory.com,A Snapple Corner Story
auburnbassfishing.com,AuburnFishing
avenue2revenue2020.com,Avenue 2 Revenue
avidele.com,AvidEle
axolandfriends.com,axolandfriends
eagleuprise.com,eagleuprise
edinburghtoyshop.com,Edinburgh toy shop
ednovativetech.com,ednovativetech
elketlegacy.com,elketlegacy
ellamoo.com,Ellamoo Masks
emoloy.com,emoloy
enjoymello.com,enjoymello
eternalclothingco.com,eternalclothingco
eure-ca.com,eure.ca
everybodywearsundies.com,Everybody Wears Undies
bunchbars.com,Bunch Bars
buyandbless.com,buyandbless.com
buyandonate.com,buyandonate
cambervilledogtreats.com,Camberville Dog Treats
candlesandcats.com,Candles & Cats
cases4acure.com,cases4acure
catholicgood.com,YOURS LLC
charityphonecase.com,CharityPhoneCase
charitystarsnft.com,Charity Stars NFT
charleysouthern.com,charleysouthern
chewonthisgum.com,Chew On This Gum
chqmasks.com,CHQ Masks
circularclothingcollective.com,CircularClothingCollective
clamp2clamp.com,clamp2clamp
cloudypineco.com,Cloudy Pine Co
cmcoffeeco.com,Charlie Mike Coffee Co
coffee4stephanie.com,Coffee for Stephanie
shopcapucine.com,Capucine
shopgentlegiants.com,Gentle Giants Shop
shophappygoods.com,Happy Goods
shoplittledonkey.com,The Little Donkey
shoplivinlife.com,LIVIN' LIFE LLC
shoprtstctruth.com,RTSTC TruthÃ‚Â®
shopteethbrush.com,shopteethbrush
shopuglynot.com,Shop Ugly Not
silvercharleston.com,silvercharleston
simplekittyboutique.com,Simple Kitty Boutique
smolbatchbeauty.com,Smol Batch Beauty
soulscarf.com,soulscarf
humanityforkids.com,Humanity For Kids
hungryboysandgirlsclub.com,Hungry Boys and Girls Club
lakehousecollective.com,lakehousecollective
laonlee.com,LAONLEE
lauralynnes.com,lauralynnes
legacycrownz.com,legacycrownz
life-savingfurbabies.com,life-savingfurbabies
ligrashop.com,Ligra Shop
lilelfie.com,Lil Elfie
littleradishsf.com,Little Radish LLC
littleredforesttreehouse.com,littleredforesttreehouse
lmfrfam.com,lmfrfam
lovengoodlips.com,Lovengood Lips LLC
loveyoucrate.com,LoveYouCrate
lunalybakery.com,lunalybakery
guattees.com,No Matter The Cause
gymdaddy.com,Gym Daddy
passonjoy.com,passonjoy
pastureprotein.com,pastureprotein
pawsdownunder.com,pawsdownunder
pawsnclawscandles.com,Paws &amp; Claws Candle Co.
pawsupnola.com,pawsupnola
pbpfitness.com,Pound By Pound Fitness
peaceandloveall.com,peaceandloveall
peacerocket.com,Peace Rocket
perttiora.com,Pertti Ora
petspinnacle.com,petspinnacle
philanthro-pet.com,Philanthro-PET
photographybyjohnwesley.com,Photographybyjohnwesley
pitbeauty.com,Pit Beauty
plaidpapaya.com,The Plaid Papaya
poisonlash.com,poisonlash
pokerfortheplanet.com,Poker For The Planet
porterspetsupply.com,Po's Pet Supply
poundplastic.com,poundplastic
pritiworld.com,pritiworld
prododonare.com,Prodo Donare aa
quaranteeees.com,Quaranteeees
erigear.com,ERIGEAR
evoediversity.com,evoediversity
madsplendor.com,Mad Splendor
maggiechicboutique.com,maggiechicboutique
maisonsoyenne.com,MAISON SOYENNE
mamavals.com,Mamavals
mantisshrimpts.com,mantisshrimpts
maskcovercause.com,maskcovercause
matabourne.com,matabourne
match-inhale.com,Match&Inhale
mcwingate.com,mcwingate
medmasksupplyco.com,MedMask Supply Co
merchesthetic.com,merchesthetic
mogulnc.com,Mogul Clothing Co
moisttrudeau.com,moisttrudeau
conceptionimmaculate.com,ImmaculateConception 
conduitforgood.com,Conduit for Good
consciousonestop.com,Conscious One-Stop
conveleash.com,ConveLeash
coolbuud.com,Cool Buud CBD
cooperscrates.com,Cooper's Crates
craftbyculture.com,craftbyculture
craftyfans.com,craftyfans
cre8crates.com,Cre8crates
crusader-merch.com,Crusader-Merch
culturednomads.com,Cultured Nomads
currency-watches.com,Currency
cvmedsupply.com,CV Medical Supply
keyfaya.com,KeyFaya Labs
kindnessfor.com,Kindness For
kiwipopcafe.com,kiwipopcafe
kkbeautytherapy.com,KK Beauty Therapy
kombatkush.com,Kombat Kush
korneciakreations.com,KorneciaKreations
kryptcrate.com,kryptcrate
kundalinikak.com,kundalinikak
kundalinivibes.com,kundalinivibes
nakedswab.com,NakedSwab
namascray.com,namascray
neverbebasic.com,Never Be Basic
novonc.com,novonc
numenathletics.com,NUMEN Athletics
odiesbarkery.com,Odie's Barkery Co
ohyatoys.com,Oh! Ya! Toys!
onelifetofino.com,onelifetofino
oneofthegoodones.com,ootgo
osprayhygiene.com,osprayhygiene.com Inc
ourheroesatwork.com,OurHeroesAtWork
teamtransplant.com,teamtransplant
terrabackpackcompany.com,Terra Backpack Company
thegoodhamperco.com,The Good Hamper Co
theindianapolistee.com,The Indianapolis Tee
theoneyoufed.com,The One You Fed
thepiggybankkids.com,The Piggy Bank Kids
thesolarcoffeeproject.com,thesolarcoffeeproject
sponsoringsmiles.com,Sponsoring Smiles
spreadacause.com,spreadacause
squad74.com,Thunder Crumpet
ssolidstore.com,SSOLIDSTORE
starsdonate.com,STARS DONATE
stbjewelry.com,stbjewelry
steadfastwarrior.com,SteadfastWarrior
stellasclosetco.com,StellaÃ¢â‚¬â„¢s Closet Co. 
stitchandsparrow.com,stitchandsparrow
sunnythesloth.com,sunnythesloth
sweetspaceprints.com,Artzyprintz
vaxclothing.com,Vax
veteransshaveclub.com,veteransshaveclub
vettapparel.com,vettapparel
vibratehigher.com,VibrateHigher LLC
voicenatural.com,voicenatural
r1recoveryfirst.com,r1recoveryfirst
rabbittowncrochet.com,Rabbittown Crochet
realcovidwear.com,realcovidwear
redgateboutique.com,redgateboutique
rescuerovershop.com,Rescue Rover
ridersofchange.com,ridersofchange
roandyautismfoundation.com,Roandy Autism Foundation
roochoo.com,roochoo
roskelleyapparel.com,Roskelley Apparel
royalmglobal.com,royalmglobal
rubmedirty.com,Rub Me Dirty
ubvita.com,ubvita
udreamwebring.com,udreamwebring
unbuckethat.com,UNBUCKET
uniqueraritiesjewelry.com,uniqueraritiesjewelry
upnorthapparel.com,6-String-Apparel
urbanfarmandforage.com,urbanfarmandforage
utopia-pets.com,Utopia Pets
warriorpridegourmetcoffee.com,Warrior Pride Gourmet Coffee&#39;s
waterwearables.com,waterWearables
waylandsews.com,waylandsews
we-are-driven.com,we-are-driven
we4uni.com,UNI SHOP
weebeardgaming.com,Weebeardgaming
westmagination4d.com,Westmagination 4D
whatsyofacemask.com,WhatsYoFaceMask
wiseearthclothing.com,Wise Earth Clothing
womenbeta.com,Women Beta
wonderlandmasks.com,Wonderland Masks
wonderpedic.com,wonderpedic
yellowjuneteenthchi.com,Yellow Juneteenth
yesforsmiles.com,Yes for Smiles Shop
youngsavagebabe.com,youngsavagebabe
youreorganized.com,You're Organized
youtharethefuture.com,YOU.TH ARE THE FUTURE
ypjkj.com,ypjkj
morellove.com,morellove
myactiveattitude.com,myactiveattitude
mydentalco.com,mydentalco
myeducover.com,EduCover
mymomomoon.com,MOMOMOON
mysistersclosetbtq.com,My Sister&#39;s Closet BTQ  
myveteransproject-donate.com,myveteransproject-donate
onlineessentialsus.com,Online Essentials US
ozirey.com,OZI REY
takeithome.com,takeithome
the1lyfe.com,The One Lyfe
thebandcofit.com,The B And C Of It
theburnstation.com,The Burn Station
thecupidcollective.com,The Cupid Collective
theeuphoriasbrand.com,THE EUPHORAS BRAND
theheartofhazelwood.com,The Heart Of Hazelwood
thehonestinjun.com, Honest Injun
thejooncollection.com,The JOON Collection
theminiactivist.com,The Mini Activist
thenorthernpatriot.com,The Northern Patriot
thepositivepuppy.com,The Positive Puppy
thesoulmarketny.com,thesoulmarketny
thriftinthepines.com,Thrift In The Pines - Secondhand Boutique
thundercrumpet.com,Thunder Crumpet
tierrasglow.com,tierrasglow
todofinoshop.com,Todo Fino
toestees.com,Toestees
toolhouz.com,Tool Houz
topgenerosity.com,Topgenerosity
toystotherescue.com,toystotherescue
tradepeacemasks.com,TradePeace Masks
treecradlegear.com,Tree Cradle
twocoolcatz.com,Two Cool Catzao
twodogtough.com,TWO DOG TOUGH LLC
nhocamp.com,NHO Camp
opsendme.com,OpSendMe
thegoodglobal.com,thegoodglobal
ibelieveincalifornia.com,ibelieveincalifornia
jenniferjusticeoily.com,jenniferjusticeoily
seedizen.com,seedizen
shaikhkhalidalmaktoum.com,shaikhkhalidalmaktoum
heatmakessense.com,HMS iNC
redturtlellc.com,redturtlellc
ueeprogram.com,U.E. Enrichment Program 
forewaybeauty.com,forewaybeauty
graceandcole.com,graceandcole
ph33lipe.com,Innovative Perception Inc
philippafrench.com,philippafrench
wantfulwish.com,wantfulwish
appreciativephilanthropy.com,Appreciative Philanthropy
eiwil.com,Eiwil
eyeofmiami.com,eyeofmiami
maticnyc.com,MATIC WATCHES
sohcomics.com,sohcomics
victoriagedvillas.com,victoriagedvillas
maisonsoyenne.com,MAISON SOYENNE
ballrnr.com,BALLRUNNER
bambooleafbox.com,BambooLeafbox.com
beachcitycosmetics.com,BEACHCITY Cosmetics
beatsforhope.com,3 pending Monica Martines Co
blendbikinis.com,blendbikinis
boatsclothingco.com,boatsclothingco
bodybybeeus.com,BodyByBee
boldcitymotorsports.com,Bold City Speed Shop
bronxorganix.com,Bronx Organix
bwholistic.com,BwHolistic
cakesintins.com,Cakes In Tins
charminique.com,Charminique Pet Boutique
i-lym.com,I LYM
jacksonavepta.com,jackson-ave-pta
jungleswell.com,Jungle Swell
junglevines.com,JungleVines
sadslides.com,sadslides
salutethebarber.com,salutethebarber
samorisbeauty.com,Samori's Beauty
sanifannys.com,SANIFANNYS
seupetart.com,Seu Pet Art Canada
sgcrouge.com,SGCROUGE.COM
shanedawsoncosmetics.com,shanedawsoncosmetics
shopfeatherandbirch.com,Feather and Birch
shopresident.com,Resident
shopxclusivescents.com,Xclusive Scents
86and4.com,86and4
dedicationco.com,dedicationco
dharmabowls.com,dharmabowls
drinkfreedomcoffee.com,drinkfreedomcoffee
drinkhappydesignco.com,Drink Happy Design Co
drowningoldclothing.com,Drown In Gold Clothing
hardwaysnowboards.com,Hardway Snowboards
hermelaninconnect.com,Her Melanin Connect
hushenrg.com,Have U Sin Her Energy
laposhboho.com,laposhboho
fcbolausa.com,fcbolausa
feedyoursoulbakery.com,feedyoursoulbakery
felixstreet.com,Felix Street LLC
fertilegirl.com,Fertilegirl LLC
flintonandco.com,Flinton &amp; Co.
fyretrendz.com,fyretrendz
gatheredandgrownbotanicals.com,gatheredandgrownbotanicals
generationhiphopbrand.com,GENERATION HIP HOP BRAND
getso-b.com,Getso-b
giftsthatgivebackshop.com,Gifts That Give Back Shop
giveitbackclothing.com,giveitbackclothing
goodforteachers.com,goodforteachers
grassofie.com,Grassofie
greatdividesupply.com,greatdividesupply
abbymalan.com,Abby Malan
allpeoplemarket.com,allpeoplemarket
ambrosialy.com,ambrosialy
annaofasher.com,Anna of Asher
arniadesigns.com,Arnia Designs
autopainsolvers.com,autopainsolvers
e1eclothing.com,Every1Eats
ethicalchick.com,Ethical Chick
magichourastrology.com,Magic Hour
magnopods.com,magnopods
carolinacanning.com,Carolina Canning
caspinyc.com,CASPINYC
castingthreads.com,castingthreads
cbdrelyf.com,Relyf LLC
chambersbaycbd.com,chambersbaycbd
citysocksorganic.com,City Socks
civiltosavage.com,Civil to Savage
cloudsylife.com,cloudsylife
colombiancoffees.com,colombiancoffees.com
commstandard.com,Community Standard
coolcoffeeclub.com,coolcoffeeclub
craftbyculture.com,craftbyculture
cukobeautyessentials.com,CukoBeautyEssentials.com
cuyunacoffee.com,Cuyuna Coffee
karigormarketplace.com,Karigor
kenshicandles.com,Kenshi Candles
kndbrandco.com,kndbrandco
kobrew.com,kobrew
kompacttravel.com,Kompact Travel
kompacttravelproducts.com,Kompact Travel
ndulge.com,Ndulge N Life
no-navigation.com,No Navigation
nvrstle.com,Never Settle Mindset
onedayregen.com,onedayregen
oralandskin.com,oralandskin
tapirtuesdays.com,Tapir Tuesdays
tgblshop.com,TGBLShop
the-goodrun.com,The Good Run
thearcticpeak.com,thearcticpeak
thegivbox.com,The Giv Box
thegoodhamperco.com,The Good Hamper Co
thelocallabelftw.com,The Local Label
thepawsisland.com,thepawsisland
timbalajadiamerch.com,TimBalajadiaMusic
tmetshirtsetc.com,tmetshirtsetc
trytlv.com,TryTLV-Box
twocartersandco.com,Two Carters &amp; Co
signdus.com,SigndUs
simpleselectshop.com,Simple Select Shop
simply-saved.com,Simply Saved
simplyanchoredgifts.com,Simply Anchored Gifts
simplyoliveco.com,simplyoliveco
socialgraceco.com,Social Grace Co
solestarters.com,Sole Starters
solitboutique.com,solitboutique
spikeparis.com,spikeparis
starryfeels.com,starryfeels
starsdonate.com,STARS DONATE
stellasclosetco.com,Stellaâ€™s Closet Co.
stitchcraftandstarlight.com,Stitchcraft & Starlight
stringguards.com,stringguards
stylegiving.com,stylegiving
sweetspaceprints.com,Artzyprintz
vastranstores.com,vastranstores
veri-vaxxed.com,veri-vaxxed
vettapparel.com,vettapparel
letsgetlitkc.com,letsgetlitkc
lixishopla.com,Lixishopla
loveandfreedom.com,loveandfreedom
lovvebrand.com,lovvebrand
luftbros.com,luftbros
rakcoffee.com,RAK Coffee
ralliedup.com,RalliedUp
raspberrylanestudio.com,raspberrylanestudio
redlinewear.com,Never Lift The Right Pedal
ridecomfie.com,Ride Comfie
umbonowear.com,umbonowear
zealousactivewear.com,Zealous Active
zeeneth.com,Zee Neth
pupsnfun.com,pupsnfun
quaranteeees.com,Quaranteeees
westfeldtbyceline.com,Westfeldt By Celine
wgbclothing.com,We Give Back Clothing Company
wildthingstv.com,Wildthingstv
wondall.com,wondall
xcxcosmetics.com,XCXCosmetics
yosoycandles.com,Yo Soy Candle LLC
mamapapamira.com,Mama Papa Mira
meyerapparelstore.com,meyerapparelstore
misssaye.com,misssaye
moneycubez.com,MoneyCubez
monsterandsea.com,monsterandsea
mooshkah.com,mooshkah
mxwzz.com,mxwzz
2lifeliveit.com,2lifeliveit
bbvalentines.com,bbvalentines
beethesun.com,Bee The Sun | Bee Caring
blackluxboutique.com,blackluxboutique
brightdogtraining.com,Bright Dog Training
britaf.com,BriTaf 
cedarandstonestorehouse.com,CedarStone Storehouse
chicbobi.com,chicbobi
chicserenityltd.com,Chic Serenity
clamp2clamp.com,clamp2clamp
clinicalsuppliesusa.com,Clinical Supplies USA
closingrealestategifts.com,Closing Real Estate Gifts
contributetofashionboutique.com,Contribute to Fashion
crystaligi.com,Crystaligi
karentuckerhandmades.com,karentuckerhandmades
kkbeautytherapy.com,KK Beauty Therapy
kokom-organizations.com,kokom-organizations
neatandnorms.com,Neat and Norms
neveroddorevennl.com,neveroddorevennl
newonelife.com,newonelife
nourishbyher.com,nourishbyher
novalivehealth.com,NovAlive Health Inc
nubewater.com,Nubewater
oooweeevision.com,OooWEEE VI$ION
imbtn.com,imbtn
inspiredlipbalm.com,Inspiredlipbalm
iwazzy.com,iwazzy
sankomprotect.com,sankomprotect
serenityfeels.com,serenityfeels
shenanigansgiftsandcrafts.com,Shenanigans Gifts and Crafts
shihtzus-n-giggles.com,shihtzus-n-giggles
shopcasacoral.com,CasaCoral
shopspeechy.com,shopspeechy
simbyshop.com,SimbyShop
soo-coco.com,soo-coco
stillyourbeau.com,Still Your Beau
stonkedup.com,Stonked Up
venarossa.com,venarossa
verifiedclear.com,verifiedclear
vernonwade.com,Vote Vernon Wade District 8
versatileearth.com,versatileearth
healherinternational.com,HealHerInternational
heypandha.com,heypandha
hildens.com,Hildens London
housethatshebuiltbook.com,The House That She Built
littalkademy.com,littalkademy
luciawellness.com,Lucia Wellness
lurenow.com,lurenow
luxurypen-ltd.com,luxurypen-ltd
reusablecleaners.com,reusablecleaners
reusableex.com,reusableex
rlxtn.com,rlxtn
frisage.com,FRISAGE
future-mask.com,future-mask
parkandswab.com,Park&Swab
patentedpets.com,Patented Pets Inc
patriotdesignco.com,PATRIOT DESIGN Co
perfectlyperfectyou.com,perfectlyperfectyou
persiin.com,PERSIIN
pickmeupgame.com,pickmeupgame
ploudi.com,Ploudi Platform
poppou-design.com,poppou-design
principalsfund.com,Principalsfund
provisionstrading.com,Provisions Trading Company
webfanzine.com,webfanzine
world-without.com,WorldWithout
agyouthresources.com,AG Youth
ahsbnf.com,ahsbnf
albagomezaccessories.com,albagomezaccessories
archaichuman.com,archaichuman
astroveta.com,astroveta
aunewsing.com,aunewsing
ebiketerrain.com,Ebike Terrain
ecofriendlyvibe.com,Prime Deals  USA
ecokitchenlife.com,Eco Kitchen Life
edinburghtoyshop.com,Edinburgh toy shop
endlesssummerrum.com,endlesssummerrum
madebyheaven.com,madebyheaven
marthasmerch.com,Martha's Merch
merchdynasty.com,merchdynasty
mindfulnessgrattitudelove.com,mindfulnessgrattitudelove
modogart.com,modogart
msb-us.com,msb-us
muddlebottle.com,MuddleBottle
mylittleviolin.com,My Little Violin
myluluskin.com,myluluskin
mymomday.com,My Mom Day
travelbettershop.com,Travel Better Shop
truepardiscgolf.com,True Par Disc Golf
manifest-mira.org,Manifest Mira
ranowo.org,Ranowo LLC
lca-cio.org,lca-cio
jadecollaborative.com,Jade Collaborative
mntlwearuk.com,mntlwearuk
justsml3.com,JustSML3!
singularspectrum.com,SINGULAR SPECTRUM
pawthereum.com,pawthereum
tpwf.org,Texas Parks & Wildlife Foundation
directcharity.com,Direct Charity
shopa19.com,ARTICLE 19
theholidaygal.com,theholidaygal
cultivatedground.com,Cultivated Ground Apparel
themagamask.com,the maga mask
glitterforgood.com,Glitter for Good
shopsource.org,Source
aristocrats.world,Aristocrats  Inc.
emsgiftboxes.com,EMs Gift Boxes
takimohome.com,TakimoHome
nogates.org,No Gates
thatsmayan.com,Thats Mayan
skiniqmedspa.com,skiniqmedspa
lillydipper.com,lillydipper
haymakersforhope.org,haymakersforhope
5-ing-covid-19.com,5-ing COVID-19
cambiemosrd.com,cambiemosrd
pinkpompombreastcancer.org,Pink Pom Pom
hungerthon.org,Hungerthon
rhinoboyofficial.com,RhinoBoy
thereleafproject.com,thereleafproject
flowerpowr.com,Flower Powr
mykokua.com,Kikua
servyaglobacharity.com,servyaglobacharity
carolinesoerachmat.com,CS
repohomesnm.com,repohomesnm
dimo.zone,DIMO
nycphilanthropy.com,nycphilanthropy
greekhouse.org,Greekhouse.org Inc
onegoodact.com,OneGoodAct
reeseaveboutique.com,Reese Ave. Boutique
tacoapparelcompany.com,Taco Apparel Company
reeseaveboutique.com,Reese Ave. Boutique
smailybutique.com,smailybutique Inc
mmggifts.com,MMG Gifts
sanctumbracelets.com,Sanctum Bracelets
gracecolegifts.com,Grace and Cole Gifts
style-elements-shoppe.com,Style Elements Shoppe
meowribbon.com,meowribbon
host-boston.com,host-boston
bissellpetnetwork.com,Bissell Pet Network
cattycollins.com,CattyCollins.com
doctorscharity.org,doctorscharity
vintagecarposter.com,VintageCarPoster.com
achangeofevents.com,A Change Of Events
brewdtea.com,Brewd Tea
partnershipleaders.com,Partnership Leaders
humbleelite.com,Humble Elite
jocorecords.com,Joco Records
ecochit.com,EcoChit
antiracismfund.org,Anti Racism Fund
gchydro.com,GreenCoast Hydroponics
timeauction.org,timeauction.org
photosbymilene.com,photosbymilene
drawingfortheplanet.org,DRAWING FOR THE PLANET
greenbronxmachine.org,Green Bronx Machine
etruism.org,eTruism
etruism.org,eTruism
ktlive.org,ktliveorg
audigarte.com,audigarte
kidseducationaltoy.com,Kids Educational Toy
givecoffeecompany.com,Give Coffee Company
litamoris.com,litamoris
coveredllc.com,Covered Modern Wear
jackbasset.com,Jack Basset Hound
shopecoave.com,Eco Ave
lightpundit.com,Light Pundit
toucheaccessoires.com,Touche
charityhonorboxes.com,Charity Honor Boxes 1 Suppiler
abundancesocks.com,The Abundance Sock Company
impactcharms.com,impactcharms
thenftcharityproject.com,thenftcharityproject
pinkabee.com,Pinkabee LLC
raystogether.com,raystogether
bisousgoods.com,Bisous Goods
socoyae.com,socoyae
venoart.com,venoart
100ksmile.com,100k Smile
foreverfreedomreins.com,Forever Freedom Reins LLC
luxhotelamenities.com,luxhotelamenities
newonoff.com,NEWONOFF
ruffruffco.com,ruffruffco
thefoodiegiftbox.com,The Foodie Gift Box
blackstandardcoffee.com,Black Standard Coffee
sunpathelectric.com,Sun Path Electric
thefoodiegiftbox.com,The Foodie Gift Box
thinbluelinecoffee.com,THIN BLUE LINE COFFEE
breatheforrest.com,ForRest
nurcanmade.com,Nurcanmade
tankclothingcompany.com,Tank Clothing Company
gratitudeexchange.com,Gratitude Exchange
heartandtail.org,Heart and Tail
plusmakeup.shop,plusmakeup
noritani.com,Nori Tani
olemno.com,Olemno Inc
noritani.com,Nori Tani
shopjamesrose.com,JAMES ROSE GIFTS
honestppe.supply,H PPE Supply
pawsitive-change.com,pawsitive-change
primalacc.org,Primal Accessories
openhand.org,Project Open Hand
conservemc.org,conservemc
mandarins.org,Sacramento Mandarins
projecthappiness.org,projecthappiness
quantum-rise.org,quantum-rise
misskooky.com,Miss Kooky
halffull.life,Half Full
halffull.life,Half Full
lovegodgreatly.com,Love God Greatly
moadsf.org,moadsf
bobmizer.org,Bob Mizer Foundation Inc
upsu.net,UPSU Group
jayfitnesshealth.com,Jay Fitness LLC
playfurdays.com,Play Fur Days
blackberrysmoke.com,BlackberrySmoke
pipelinenation.com,Pipeline Nation
