website,exist
lfsurf.com,1
operationmasks.org,1
nassfitness.com,1
combatdiver.org,1
formerabeauty.com,0
karposmultimedia.com,1
dyckmanbeerco.com,1
divergentinitiatives.com,0
suaspontefoundation.org,1
dawnbreakerfarms.com,1
CrossFitNewEngland.com,1
e2idesign.com,1
phoenixmke.com,0
aslansplace.com,1
oasisspacville.com,1
communitybakery.com,0
technologysupport.us,0
possi.life,1
cobs.org,1
abwilderness.org,1
bellringer.org,0
bhef.org,1
blossombehavioral.org,1
brownsvilleag.org,1
cctustin.org,1
geneseehillpta.org,1
kindervelt.org,1
liftinggenerations.org,0
pinecrestgardens.org,1
rosehillchurch.org,1
sbcoc.org,1
thesheepfold.org,1
maddragonmusic.com,1
puccifoods.com,1
mindandmom.com,1
gwfins.com,1
influencechurch.org,1
silverstateesports.org,1
swaddle4swaddle.org,0
lenafoundation.org,0
simplifiedit.us,1
huicholfoundation.org,0
TrailandUltraRunning.com,1
gtcon.com,1
kulturedcustoms.com,1
csctalkradio.com,0
wmiglobal.com,0
sweatthestyle.com,1
foxpak.com,1
thebbf.org,0
tech-sage.com,1
wanderingisite.com,1
churchhealth.org,1
sakhiyaskinclinic.com,1
petspamiami.com,1
rootdownbrewing.com,1
thefrenchartisan.us,1
mothersdayclassic.com.au,1
givebesa.org,1
raphahouse.org,1
tsm.gg,1
budgetroofingsupply.com,1
ydlv.org,1
journeycc.org,1
miraclecitychurch.org,1
ashcenter.com,0
bettyandveronica.com,0
breakfreebeunstoppable.com,1
fear2peace.com,1
joshuafest.com,0
marriagetoday.com,0
accadis-isb.com,1
airlockertraining.com,1
binbathers.com,1
bindercon.com,0
blackglassgallery.com,1
csgo2asia.com,1
gamedevcafe.com,0
huntdrop.com,1
imtgapp.com,1
juniperboutique.com,1
mrfarmersclass.com,1
newestcomputers.com,1
pdoink.com,0
puppygogo.com,0
seventhrule.com,1
shreveportant.com,0
themovementlifestyle.com,0
theworkshopmpls.com,0
upventur.com,1
urbanismsummit.com,1
coastalseattle.com,0
wearegreatagainpac.com,0
cubecobra.com,1
goatsofanarchy.com,0
peculiarpeople.com,0
defendersofthecross.com,0
eqtainment.com,0
meinlusa.com,1
tattoosonlamar.com,1
builditworkspace.com,0
carrielivingston.com,1
lalaland-design.com,1
umranaysan.com,1
battcrew.com,1
oldscoolbmx.com,1
oregonseaweed.com,1
renarddrinks.com,1
sivanifoods.com,0
carolinespromise.net,0
race4theenvironment.org,0
contentbyus.org,0
eodwarriorfoundation.org,1
thefarmershouse.org,1
civicspirit.org,1
jhlord.org,1
usmmuseum.org,1
gracefamilybaptist.net,1
jrni.co,1
wherk.co,0
skinfairyclinic.com.au,0
carolclemans.org,1
gracechurchmentor.org,1
hospitalchurch.org,1
iempowerment.org,1
livingwatersri.org,1
locfoundation.org,1
mauliola.org,1
ophrescue.org,1
priceschools.org,0
relearnchurch.org,0
see3d.org,1
team413.org,0
thegsf.org,0
urbansurf4kids.org,1
wartornministry.org,0
wesleysinternational.org,1
